"","sigmaObsA","sigmaObsB","sigmaObsC","sigmaObsD","sigmaProA","sigmaProB","sigmaProC","sigmaProD","RhoA","RhoB","RhoC","RhoD"
"1",0.172351179634008,0.208620778218892,0.141448506045524,0.225335439444383,0.330151771595137,0.384955616927427,0.292285502961157,0.446425904120139,0.839595561342567,0.984508262536675,0.961903587197173,0.933692627037297
"2",0.229284635151522,0.207167301594097,0.158392902718103,0.200415979168255,0.299764869718037,0.40576521854544,0.31084534196091,0.463624274739058,0.782563452060309,0.983528099848988,0.980985343637026,0.884152781265078
"3",0.206729356404309,0.18072190566123,0.159395856754614,0.240944451007675,0.313551508818437,0.38693997497641,0.28923059026068,0.42098565528081,0.780181194306809,0.981201060836878,0.97646483694632,0.907300661261477
"4",0.15734511433963,0.204180233666005,0.127762554189841,0.216357772555727,0.333737904775298,0.388034410260451,0.305455938001891,0.439815932610721,0.873629291074847,0.989051893616559,0.974302207123508,0.910863038772218
"5",0.181070921493177,0.210750507718125,0.144465208734551,0.265214001323535,0.331720870109203,0.419053485806639,0.320274867924103,0.407340136524872,0.840249612417257,0.985031594093269,0.990763195157532,0.843416337317211
"6",0.207404962702235,0.179649139969843,0.156834440221322,0.234505089060024,0.344790477850658,0.402623066628118,0.301410318970183,0.409499490461138,0.839467816339322,0.983828789274079,0.980796446130178,0.861022254421375
"7",0.147351991914296,0.187564055920267,0.184892004966187,0.219553690686188,0.36915694934884,0.394932571774652,0.302206524173947,0.462680083077936,0.869653717723722,0.97116487899103,0.944882624548874,0.895408605547058
"8",0.224789815076818,0.227715029071738,0.139487433180693,0.24002300396423,0.347329699689147,0.369405696974941,0.292411000016367,0.452419879626625,0.81116851308447,0.984114099211933,0.989639844544055,0.854759646992069
"9",0.192930311695666,0.226344043839409,0.140966715807328,0.243663782356769,0.349462691935196,0.376001876419841,0.295062060449547,0.423765121462481,0.806968735858527,0.992561481360876,0.986523328499743,0.866920214858111
"10",0.167588393594767,0.191148341796924,0.169605191536152,0.139449192206847,0.328406614065728,0.431096036010872,0.286872495486793,0.451269092273552,0.879471632299846,0.956207856355573,0.97485650972809,0.9389139149661
"11",0.18136553532908,0.197441382163192,0.153543769761791,0.273008779589559,0.363976586050565,0.421487870704468,0.314433733261882,0.393677792876957,0.82733858260838,0.989465947838002,0.989007218699667,0.824348123457802
"12",0.143939608543867,0.22954756644349,0.136350740555905,0.165296197143345,0.352933149401981,0.415337601719488,0.328120816104838,0.447727346098956,0.884586370015041,0.982970920430433,0.970325003360723,0.880392015793051
"13",0.222961244954341,0.20133606214914,0.143458244382924,0.154257059866068,0.336308265918469,0.401409321616023,0.30756564947847,0.469543965431562,0.833760537912382,0.98695155691995,0.976941961539392,0.931462205783683
"14",0.191401939161578,0.199936113489568,0.147835920018336,0.216082125244335,0.350476539819555,0.402116759437226,0.329248215352037,0.433175349885333,0.843003896330618,0.984909413551967,0.975055872379235,0.904393611975269
"15",0.171613473418519,0.211107805476823,0.137138540073567,0.206183161736353,0.350689682462527,0.40601848145397,0.310104680535755,0.484925560672503,0.895745061155564,0.99405839366622,0.979927652588223,0.902848613823468
"16",0.191532099235264,0.165594284916485,0.176346686399007,0.210211007931073,0.347372531522648,0.385342029432824,0.307178437068324,0.408586414554494,0.824048157446851,0.992888952576634,0.990294254191194,0.907545513618287
"17",0.157544999887839,0.171706641997095,0.150071262584313,0.224493600529765,0.348720318624259,0.402445498269423,0.298324966101927,0.427189627471505,0.896001289887099,0.995008051675601,0.958523661397612,0.882530283637898
"18",0.182428724321654,0.178546104069668,0.165424376944429,0.205619479826549,0.344307413811828,0.400027525824291,0.314729650702648,0.44883106519932,0.877434524557274,0.991260855497138,0.982497245825811,0.931087619021779
"19",0.161118751404578,0.20733667101219,0.187843047354607,0.202822880416294,0.362839485494252,0.393982368201367,0.302115352256933,0.456897001338914,0.876052330485804,0.986947463723705,0.963893609613518,0.89621891941457
"20",0.19509403027367,0.197664437448971,0.18734141245367,0.255272344249174,0.354169291989248,0.395922934692987,0.307184400969655,0.446367892402962,0.869242960546288,0.995285509298394,0.962484733523806,0.886130760075825
"21",0.231783284206726,0.187958462091862,0.151109480971511,0.19892043992566,0.303082720354774,0.407207916048819,0.312660658980755,0.472418171656222,0.790745964274464,0.9943333105394,0.966581078267424,0.90347196028088
"22",0.22514128226356,0.211181398968336,0.167733927753104,0.226615087176555,0.327052514378676,0.379392850164425,0.282206725024502,0.445151831421302,0.815544141519035,0.995602552452469,0.977399515832955,0.862759057150087
"23",0.255454971930503,0.22207721883978,0.142192640886942,0.172942926890255,0.313187825482883,0.377916297561119,0.298877335867882,0.475456066939614,0.762300440650799,0.996124962076091,0.98605348877793,0.942145033113231
"24",0.177268456055307,0.19805976164419,0.120507157223518,0.20238149510968,0.349081687746605,0.396554679504628,0.303401794759341,0.457296355568905,0.869887572125515,0.987246344412561,0.986290411733221,0.895413325392622
"25",0.137807231758755,0.183665815627756,0.161035559813817,0.241056267301409,0.371811423646266,0.423435139071768,0.279819993604822,0.448161646637542,0.903983657243397,0.987129396944813,0.971241790747949,0.864251770585568
"26",0.202226215389993,0.206937389121006,0.167032297614118,0.218764773864699,0.314300559597377,0.384665523054616,0.268024323944122,0.438652349591438,0.828646354471466,0.989584194798568,0.983258035954304,0.84056653737302
"27",0.186016668174756,0.181413578433236,0.153279724200838,0.200269785271111,0.346435942664805,0.369973294451411,0.282051552255672,0.433933003480698,0.837837113153811,0.992624145124232,0.979876517460414,0.915207753267718
"28",0.150033737544563,0.226115243117663,0.141166233714692,0.25556666754272,0.366324016518864,0.377742669725264,0.285397228257776,0.390161725180624,0.850815680488494,0.951850916377825,0.976581546478811,0.824573294043916
"29",0.190998379982922,0.200961303828825,0.160565509253967,0.227587485465263,0.318118579102915,0.397531730205434,0.290721362028101,0.434611512416224,0.784782433314063,0.994133153325885,0.9706865162185,0.909299871054041
"30",0.130593869943525,0.199828969654382,0.13513593232515,0.203458923457818,0.360675621529464,0.377813026225653,0.303527316161772,0.450249078540988,0.917680103326863,0.984316563878554,0.983997139346926,0.917492285691724
"31",0.210387294292872,0.17354382172844,0.173018362369926,0.227377943205189,0.32480559856174,0.396374652223498,0.28167715691745,0.449202650730038,0.863936139232413,0.99502374435652,0.974304437341363,0.883223508764983
"32",0.175182441763051,0.210198168676975,0.135101228977979,0.214519590478162,0.348312814747291,0.409761060499719,0.292937994343995,0.440239405876461,0.877911348704904,0.990223366074039,0.981194856888497,0.870810688449349
"33",0.153001459122654,0.204323743128557,0.159366587368911,0.191956696009199,0.348423947609469,0.425439132007157,0.3070462597516,0.456287548075431,0.866198795021771,0.99638222101022,0.981432608414934,0.938688159418246
"34",0.178632415719935,0.242765604204226,0.125600509645578,0.24958016205163,0.341587992097384,0.403701430599761,0.307922744986598,0.430095220594283,0.867116353212378,0.977559823309318,0.9850760246358,0.864244474458353
"35",0.19729967296712,0.20077410644318,0.137067492218043,0.188577913998374,0.33927099466225,0.396689123713584,0.289030054590486,0.472535215878009,0.85526136851417,0.994262467921118,0.973753050808604,0.907161231352693
"36",0.183110165121318,0.19822443364461,0.155322335642547,0.280545071034819,0.357002746649511,0.394710878620377,0.306073734327877,0.414905568879781,0.877872604046298,0.989299339234392,0.98205576101948,0.842618106473547
"37",0.226260304967084,0.219342082949863,0.139629408982162,0.209481683799132,0.375181502802618,0.399968869407302,0.295141659874438,0.45847100940693,0.766706637361609,0.98427185597196,0.982542883903137,0.845237560424598
"38",0.152152240728862,0.237213317896782,0.14900164398294,0.216391999500236,0.325785295562126,0.389646757715174,0.288882524895616,0.436970201517031,0.895934592290021,0.982988925048965,0.972171057707117,0.915848285103414
"39",0.144967155380741,0.203260071422796,0.138277524505282,0.286185909174893,0.357741239657135,0.380725778411292,0.31860195829823,0.386566219036403,0.927604497663322,0.992287274036765,0.951100858054488,0.858917160852065
"40",0.183126020181632,0.191521523814834,0.161033873574315,0.196322005486121,0.332153332553944,0.399026157386108,0.301444347378072,0.49647644187549,0.889904501962616,0.993231783448031,0.970122891792028,0.92247071554182
"41",0.190435420133773,0.195768924934877,0.177398717254948,0.211088535680524,0.325053611885299,0.409558928898954,0.290768915987816,0.45741310358824,0.86752480890947,0.993423802562712,0.980714339758267,0.90608211369615
"42",0.166778674221528,0.18569384688363,0.167601554236701,0.253488483200241,0.345373725949579,0.375160550000449,0.317104361679962,0.43324705469334,0.907898676341821,0.991695082225655,0.976639582502833,0.854807072832021
"43",0.154666805689663,0.233537961441814,0.165182757633533,0.239230729345916,0.35065194974342,0.403246621074822,0.285545450183266,0.426643803860577,0.87785960870245,0.988008735777149,0.98302097889106,0.88336578141493
"44",0.145727352913365,0.20214136791851,0.129734630956408,0.203791073371692,0.373399414713647,0.385395256643864,0.318184512501214,0.449279184083487,0.850878341859932,0.989524237027423,0.98395632853226,0.897863794279925
"45",0.176661176102963,0.171861827633434,0.144878126843498,0.222373385619783,0.346559188347749,0.40865123192491,0.306170743716604,0.448874108044829,0.822915845861408,0.997907791699013,0.989528662349265,0.80606196931397
"46",0.178093799999759,0.210382779092776,0.16650747126424,0.235838750367832,0.320620476798434,0.405793945580218,0.290731771988179,0.411279621730656,0.844183862447182,0.983930047308385,0.970213417371583,0.883803176263433
"47",0.172304984412972,0.182371732236073,0.145581071254366,0.252919973350863,0.378263064837819,0.379193476676152,0.29718301877474,0.425018814077602,0.875615320422502,0.998217676566233,0.975596470358789,0.850455288910522
"48",0.171356854309123,0.20931496507018,0.161097972597233,0.237675265733144,0.354440079958913,0.384848807216442,0.316310573033109,0.429055328119133,0.884541231822397,0.991352559736102,0.980419998529095,0.864998692496222
"49",0.200746517577124,0.2029329593686,0.156264921205271,0.155543993975406,0.300910808797252,0.387419821725969,0.316887474976832,0.485308557944438,0.787851231425099,0.979965670435691,0.974093896702042,0.949681199269445
"50",0.151895063479021,0.208954440803291,0.153183410874548,0.224849005765441,0.355094646064406,0.397611756076782,0.284752185459956,0.452901299113155,0.899836558092727,0.98501492348954,0.989991656906365,0.8958494696361
"51",0.189350114790928,0.189693591869965,0.166756681037493,0.241240937891836,0.354916541577575,0.392987107014274,0.299021797993972,0.413806746151433,0.857476790450686,0.987795680993311,0.957404786505554,0.874403903796204
"52",0.154607881233482,0.211035134052164,0.151584118348532,0.207423804366951,0.377833134973555,0.389601915408587,0.289095523725757,0.423998357229586,0.904108307641013,0.97448480996148,0.974510387705951,0.89037392563122
"53",0.218162872437461,0.211951512839966,0.120415299746836,0.227045528947324,0.344044520563553,0.364940606364025,0.298607566792503,0.432936317185599,0.789824273339331,0.988054195007354,0.989925012559251,0.873955324284438
"54",0.214911374671574,0.194662788301702,0.166084212808521,0.205672961095949,0.307427118498023,0.390550119159825,0.272489658062149,0.4429058384032,0.83763967746745,0.994465139505945,0.983661224326317,0.842864110306713
"55",0.146669306993342,0.212424809366071,0.140337007480449,0.195680221252875,0.335130985910118,0.406298988320496,0.31069296077499,0.454015597373236,0.858394070941352,0.985229094740964,0.974753475063306,0.904536926953466
"56",0.208773276596098,0.178295755964136,0.142213771461642,0.246069162417963,0.352667547443678,0.394253752393666,0.327460627099155,0.450140649320959,0.785499997971705,0.994981383986582,0.98540164326532,0.879253971721194
"57",0.172333935464432,0.206915993889998,0.160090771742109,0.245939802354219,0.348843641473379,0.384244975764716,0.301175943461846,0.403553700983768,0.860936488649165,0.987348582108188,0.973011619499128,0.879797101213407
"58",0.154342941532229,0.21800865222898,0.154609928522405,0.264702038657224,0.354817272854913,0.381238423577402,0.294327672465577,0.41753140722658,0.863596535563244,0.984570312575344,0.986261462323243,0.815540915675123
"59",0.206113117431848,0.176028408572634,0.160144851616469,0.181750587038102,0.324584020732754,0.415416239629205,0.281230162587746,0.420103930113535,0.834426157243107,0.988864160352091,0.982784379955873,0.927773077536127
"60",0.16534446931669,0.19142328914881,0.160350904860652,0.239849236238708,0.34200559836718,0.38950346509458,0.319024648460516,0.406265636061604,0.878160980123658,0.996175818946991,0.953943660260482,0.886872123155126
"61",0.179181020423569,0.208593251633322,0.148169091910691,0.271821242540904,0.35085403561219,0.40679764596584,0.276015054515925,0.410617703164844,0.881211857192207,0.987356870692868,0.982958953657754,0.851584029227765
"62",0.152726000766834,0.181418050932987,0.155459237913215,0.215242644578415,0.344637786368601,0.452161295927662,0.286447606077957,0.424280908819295,0.902238425276304,0.996957624355363,0.960498858733466,0.869395888488584
"63",0.155231528307859,0.180018687196815,0.154233494361855,0.209354172050374,0.366099482255195,0.392731401290015,0.289198427105626,0.463721373882714,0.911570340610333,0.987695828229064,0.984245374225742,0.90920997366167
"64",0.149454597880274,0.181823926714375,0.158925374266433,0.270719402778037,0.352792930237034,0.406725680256442,0.297021948287049,0.388012278339186,0.880687652234582,0.990050044879437,0.98037919723185,0.867663229504053
"65",0.191331144541648,0.189530424811253,0.192770367625098,0.221416153589812,0.328789485358768,0.380208427644131,0.276380716744643,0.411950763360711,0.876186817993677,0.990225867544519,0.938784808940192,0.865912637680148
"66",0.186906087888473,0.187654958773998,0.106361373837118,0.184445802354473,0.308541041550106,0.429056294330566,0.306692668285338,0.442268993563988,0.869423803839203,0.99113700156298,0.992821689460424,0.905328007907501
"67",0.211545880483279,0.202558099074463,0.159264181789539,0.234685049200588,0.338681198052424,0.420918854035031,0.30094166181865,0.441376718342473,0.823267696564872,0.980241940554668,0.958427548927231,0.868298797806036
"68",0.202339472136383,0.219999172846064,0.166293126430681,0.190393651314518,0.325216930903623,0.41943107321462,0.297752165946675,0.440060269842322,0.826569083295257,0.984357174512089,0.974382488676513,0.911322840887286
"69",0.178880932463231,0.22347373000847,0.159419637929412,0.193299482616535,0.322068312935706,0.377081467024289,0.289856608680359,0.453669345849269,0.834817072874741,0.987249957242773,0.978955748091333,0.87299746538134
"70",0.17797541297106,0.201193120397877,0.135316800374197,0.30510486882925,0.341202001995595,0.431145485234145,0.30054866819621,0.400033692372417,0.889602511316597,0.988754907446625,0.96281099298546,0.87508747198877
"71",0.199763026909262,0.211330506773813,0.142097776704338,0.235727279519252,0.337425394565058,0.405909780698008,0.321055400283312,0.449330805174579,0.815472528924349,0.992563830535685,0.974650637975815,0.888956690711597
"72",0.195656751756253,0.196162305191371,0.166656078654941,0.265017469135225,0.331468967296604,0.404051190849895,0.301451783918694,0.449325082870658,0.875874293275197,0.988436970619023,0.967700275752263,0.806775081476141
"73",0.185965673540967,0.235228998941705,0.147436620399213,0.26188492523875,0.354159923089181,0.37959089156234,0.303917003671105,0.42065134525513,0.875360939162087,0.990196478636049,0.973551369851646,0.849570582527937
"74",0.216600640109049,0.166681699797723,0.159102633312969,0.236734034661489,0.375490640146921,0.419514982468286,0.300332130174866,0.40088097476595,0.840459205064498,0.992739427570403,0.98514600327946,0.881283135445729
"75",0.175125665467491,0.214835778817541,0.139894690713181,0.209861090721913,0.358473920545476,0.36934673991241,0.296047465236458,0.418751154441024,0.857697663648605,0.992639998200513,0.987185022248868,0.886496478337066
"76",0.161388090694761,0.197594044604186,0.143196785572892,0.207102512496476,0.362933381812774,0.40948901454318,0.298851646847575,0.479389549489049,0.885935075312056,0.970094270333795,0.979449320577097,0.900503334044231
"77",0.212849624437324,0.171093351182245,0.159165465949463,0.284894379048339,0.332639208539295,0.420496396586038,0.293808151876508,0.409640805901788,0.778096711159337,0.98707616789778,0.961476466583398,0.853459912055124
"78",0.157557305153193,0.220933901269563,0.144317775030313,0.161208922264025,0.355102605911343,0.412961873201692,0.294381130723383,0.479881278384282,0.898644367861998,0.982337134458184,0.984273994240146,0.909380314220158
"79",0.187045403530879,0.196183866015775,0.169651680283086,0.250780063466019,0.32140227084875,0.361220267542124,0.306043306479216,0.428950800211562,0.878962495257633,0.97083285238226,0.976396673273968,0.88951755692092
"80",0.241865749738234,0.216111837532238,0.177025633633291,0.209493314668311,0.286313805719496,0.377660963042856,0.297365563063421,0.458424238017843,0.833264425229568,0.989889571771516,0.968067336439087,0.890443970604863
"81",0.17705109613491,0.226107306057526,0.136284465432834,0.279261762801422,0.339498008221444,0.412271343687073,0.316298268964115,0.424191859277536,0.832870375120982,0.982272882499624,0.972570018813783,0.783825560212094
"82",0.193398724697961,0.216790230683031,0.156506162158627,0.25569377540648,0.330294718822368,0.390322778693821,0.295437184363072,0.453026109724194,0.773731216254262,0.9873311181601,0.966938787736693,0.879979469828872
"83",0.159939681524802,0.206347843976682,0.147043636638626,0.279671665069954,0.342251537130547,0.428838746148342,0.304410916965734,0.401537921032708,0.885575251192885,0.98166465182388,0.969779663310836,0.851698395116858
"84",0.174635147730539,0.188483566622245,0.189650663847092,0.261510502699035,0.35036606505467,0.412912588426195,0.27043271715623,0.437016085943274,0.862397526395394,0.994086803854608,0.969062527555352,0.863500726961155
"85",0.211358554799034,0.19738102847858,0.159058953221107,0.214611273054016,0.3386735725968,0.408857963269338,0.290061366270907,0.445462225472572,0.821402772056747,0.991655080680819,0.974284478259124,0.877304990316108
"86",0.207135275622435,0.206937254504047,0.153840943748303,0.210848804469205,0.340498674708116,0.380463696099737,0.300739957936752,0.446528651475684,0.843798051624552,0.963347483983292,0.975723979743849,0.923465217925991
"87",0.162450386505745,0.207147856107125,0.174510806753806,0.192616023863319,0.359411581590832,0.383353388491816,0.311036225657332,0.44436867288587,0.86013728731155,0.9944723710956,0.952609490671085,0.944712661817255
"88",0.209100052700645,0.195753386347249,0.144664691992557,0.254564543097157,0.342197642068302,0.383206872802545,0.287027635698432,0.408568621033435,0.813644013282339,0.975053850071653,0.982493564216707,0.820375099888514
"89",0.166114724141398,0.205278834938008,0.142834044176275,0.204812639752844,0.358544314229962,0.429254096669222,0.289488563161486,0.445809313349162,0.893130255121068,0.947183224632235,0.975847895678721,0.891985931129506
"90",0.139859011388291,0.176631115569118,0.138471035967819,0.275118782656066,0.374165020447148,0.415833133427148,0.278235438958419,0.425993255108587,0.89070246372259,0.986288590649538,0.991410680160618,0.849472810062676
"91",0.174929946116534,0.213919885728428,0.149828541533687,0.183480830474151,0.346546271723132,0.392837133599321,0.316766060757704,0.477945793585469,0.890155760656405,0.989459611169378,0.969812236351163,0.887867348061533
"92",0.200612486065598,0.202245420288696,0.176704199800469,0.189649915900452,0.343313466636075,0.409365018194006,0.286331026799945,0.441900879968564,0.834033415070767,0.993419894114233,0.9795492170722,0.892010124729491
"93",0.167722111797859,0.219464359167775,0.14891422177437,0.209095688635619,0.340330917924589,0.385300638856495,0.300436512427098,0.426194742829153,0.831591493571013,0.99298645017341,0.983942244836655,0.870367488819683
"94",0.173802151090368,0.171869973113431,0.150311274439182,0.26795327571359,0.342143949304818,0.406605617146899,0.328217736309658,0.408913408147917,0.878448792561195,0.990789369201034,0.965617344491142,0.865724234640138
"95",0.196532788452782,0.19405335332858,0.132908667462625,0.247154812602121,0.340925107186151,0.384239668921737,0.294946897106622,0.410874113443929,0.866050760336491,0.977242639537312,0.982747358119656,0.84860007181123
"96",0.165932109902493,0.187217078136936,0.133836206516459,0.190648834418139,0.342059042164224,0.400046532029533,0.308079592492041,0.450098874403178,0.865700178192877,0.99098801160921,0.992393272598476,0.886215698660528
"97",0.181693744974487,0.206988469549578,0.173703025360381,0.229388008974218,0.321644882903104,0.387123284123396,0.299622983332701,0.416285604606259,0.827284142251506,0.976939819006836,0.967428683363433,0.880870308604702
"98",0.135072054392537,0.202489368159335,0.146085212484037,0.186436314519357,0.369494482191761,0.386514432115628,0.28469489604173,0.429600630769418,0.93655002452837,0.968561523031274,0.982372799453686,0.938491347501612
"99",0.15263965829163,0.180500542397996,0.125221805323149,0.22048821139404,0.372659428984002,0.42414883295016,0.287988552877502,0.439250119701306,0.875941388575465,0.98916284746527,0.978839509110807,0.89120692273677
"100",0.183226569368068,0.231857762918571,0.138051305728588,0.267361661755137,0.347192672546908,0.370772556173522,0.289734232591951,0.431239234722139,0.825132458871637,0.992707117687088,0.966396165313078,0.854600871831754
"101",0.132702152605045,0.197306827091673,0.184558526780275,0.23357539368568,0.375755633927273,0.392672298052951,0.281057548370087,0.435698060504537,0.915763746742,0.980605023594823,0.960199099254051,0.880181601898476
"102",0.17122183842634,0.209258127328141,0.138941178690166,0.267271441580783,0.346472177685142,0.410108142511421,0.298907524611192,0.434926903657337,0.862218416921439,0.979249111335155,0.982275081024123,0.842786918746303
"103",0.151817228619531,0.18414118148767,0.154220333641655,0.236783870611198,0.360969620269835,0.386442514340422,0.307241750264351,0.447254203072038,0.888989370733052,0.981853337330724,0.986938796617673,0.883748158738999
"104",0.151921656301338,0.180183918112946,0.157283989438341,0.242558113812704,0.340640778238787,0.417035717313687,0.301890411505694,0.436737034719438,0.857322350919856,0.993161569076588,0.973195222144309,0.88350948876434
"105",0.17508288022602,0.228200781955734,0.163690359456293,0.202294218781632,0.371613651047776,0.388349469066255,0.298945832739005,0.43833274588153,0.87916622849973,0.975926970268868,0.985397874695936,0.915982086516572
"106",0.196575456917031,0.212500834369766,0.146662464087263,0.24847139695503,0.340656377376843,0.370316314756858,0.305491208639062,0.44722694682137,0.862846892304475,0.992793575783487,0.969331377625543,0.898848891939276
"107",0.162994850013976,0.208625104381432,0.157551684959312,0.198173637327144,0.336908567911857,0.376265737080367,0.291096744790102,0.443525137586558,0.85641775530215,0.970966417664977,0.986014367839634,0.931682179251546
"108",0.181503484607475,0.197241514805594,0.119655250148616,0.245275980775482,0.338549536903468,0.409794625462167,0.304292504545628,0.434493816433069,0.77670420638554,0.991235682486233,0.984972217698704,0.833889118970005
"109",0.203628586996015,0.166158126571067,0.143174980338029,0.254042610693154,0.356633544401233,0.424487000719177,0.304452919458944,0.426038728128109,0.86007083822036,0.98047403154222,0.968834305513513,0.857957093814174
"110",0.235806937920222,0.186814452239282,0.176226880357761,0.198760983536543,0.345248394597768,0.378816984499835,0.27612857446719,0.421833104087362,0.767403454108947,0.991912808906672,0.985595876155616,0.904784374760205
"111",0.189141044959101,0.22995839993829,0.132786198005656,0.225663186352469,0.345839220462828,0.39546027257122,0.279895335501641,0.391465052999492,0.839261930740578,0.979735349546452,0.989939189334636,0.806858900693754
"112",0.191534922362095,0.177009976483068,0.16038496127651,0.175837638337957,0.324919134099811,0.390085392658546,0.303595537127078,0.466987090406771,0.837269443205809,0.991242033065278,0.978140158593174,0.916007865538554
"113",0.162547434818995,0.21753823580305,0.158332348628739,0.269880003016567,0.358942448377775,0.373647028816421,0.300346907257758,0.420132025480906,0.869064365037505,0.988245669302621,0.986648264442124,0.861292897158979
"114",0.187232940717256,0.213309121212285,0.140130114382417,0.225690000661341,0.358137582218991,0.383372732407199,0.307976036703808,0.423526657992734,0.843330396749622,0.980761666499547,0.970053438226188,0.881458727260598
"115",0.189277079568912,0.184920285485731,0.158452317214793,0.203884260780818,0.342832682929223,0.429456835263597,0.306439245320096,0.458420032445704,0.799793865974707,0.988001593209131,0.979331127075591,0.864414883221724
"116",0.154249653867653,0.182319829361398,0.135863254776505,0.221107574327852,0.349404061868443,0.397686027096565,0.318037412091526,0.409088371017703,0.921547351626708,0.980862390561871,0.977833142365134,0.901207404439968
"117",0.176515916036216,0.19395228505321,0.132679981757599,0.266360715994732,0.32935792445123,0.393506622293834,0.303857476222475,0.432221247273216,0.859689317367802,0.98937157236916,0.980154969829598,0.821860166994795
"118",0.162728932594286,0.191853832836056,0.129411800221427,0.226652586544137,0.34993393245887,0.406659538079939,0.293199689677161,0.434665101823112,0.849731091687136,0.988014337531778,0.98888499280182,0.849087205023668
"119",0.155044998325231,0.215513162107378,0.168822761540367,0.231085383990628,0.351779293847791,0.389336572673322,0.294387423367541,0.405033208626942,0.862584123710007,0.994945302200761,0.976161805964635,0.888874171876612
"120",0.191766896836994,0.188505234499171,0.141189161883644,0.225142888586768,0.35261282726783,0.405042769400735,0.30433489318624,0.422327944182094,0.815603110880332,0.989979599578449,0.988256028885259,0.901848134460334
"121",0.189259999853575,0.183430572780983,0.159046407220049,0.203138369719805,0.341219328717585,0.388879268425457,0.307439046561144,0.441266109373962,0.832857059847922,0.992353174787734,0.977028128521434,0.909292706660823
"122",0.174939830673035,0.192616628984911,0.149437401913974,0.228283466906631,0.341775723016897,0.38971262103833,0.300811072249768,0.440298579212139,0.843966306112912,0.983971387428361,0.971736935916268,0.857029906724693
"123",0.208180315999001,0.170238802070205,0.191512918699235,0.218704299350986,0.326822062974643,0.423272651280479,0.265645595048344,0.460678192430346,0.775733101495894,0.987624674374467,0.978347335229115,0.889511034853872
"124",0.210451699705956,0.199223014433782,0.137210141742092,0.232674195574187,0.340722090182129,0.37616246341642,0.313427584126055,0.446445252269088,0.85007796821119,0.986521889748138,0.971140224433667,0.907093110811676
"125",0.200182984075978,0.239212583206452,0.12197307021228,0.224142341880986,0.34252608558926,0.386627269037717,0.317057296540704,0.422313096847867,0.875948487399394,0.984473144415399,0.986297891382615,0.902620667920968
"126",0.215294820725089,0.189408623102488,0.172216590512336,0.227292855215551,0.332212507607002,0.372504914029304,0.282112763318415,0.416047060887748,0.832853493071731,0.978115479802375,0.969994863942806,0.835598518096224
"127",0.197629500488293,0.189552453594465,0.14845865468205,0.207370229094494,0.346280262801385,0.383630989670032,0.291770562915307,0.456564963801715,0.841691753168742,0.984134518552495,0.970396304644153,0.89290402255817
"128",0.16670307633324,0.199929127614808,0.149347141679419,0.212478887155297,0.345994248279259,0.392366182953311,0.311802848997509,0.438980261335239,0.849841919532885,0.96601839553083,0.986646077875986,0.869284061501706
"129",0.209931305602448,0.174075585936299,0.147879087717145,0.177220100753557,0.32582800524364,0.426883994726295,0.306358898045258,0.460701242995723,0.816573897329418,0.988843920016137,0.98380912612182,0.910016800581619
"130",0.15274613048106,0.163106356968674,0.156843498554576,0.227125829315126,0.333916690498472,0.393703690711528,0.293856756550237,0.418792814913916,0.887220826799041,0.992721188609522,0.988809958233404,0.913426239514108
"131",0.160188898863989,0.231804340641437,0.153957116159581,0.260774398491189,0.351145432647979,0.400125230917219,0.311924088779361,0.428406150064635,0.867783352439127,0.962148278796677,0.965436103749125,0.844940262047283
"132",0.178829242864369,0.225755237914525,0.135302267877202,0.245643712544439,0.345632980433549,0.37699192982858,0.286547862487639,0.432044410638535,0.898340684155951,0.985003582134737,0.985441565211099,0.846645463787924
"133",0.190314719632488,0.206751738910349,0.127227892181116,0.223512648073981,0.339108190710993,0.408964955857746,0.294126836926993,0.459356336721927,0.853400438523833,0.987915895981966,0.990430889320313,0.904421178224026
"134",0.172428519076985,0.229974634809619,0.151579654573553,0.201703137910327,0.348100276488202,0.382927131236528,0.285332109457825,0.462805003605501,0.861780775980362,0.994849591588158,0.969569636800779,0.910083283841098
"135",0.157267066303297,0.203634892090767,0.147649063918239,0.190951364546833,0.35901411701273,0.418220527941765,0.301977890517259,0.452421821060744,0.878906804186746,0.99275393553898,0.980475822653415,0.930293991651295
"136",0.185500758739424,0.173613059975782,0.159406935176871,0.200661877766091,0.34388230731877,0.399158723002689,0.2944943082523,0.448760848621931,0.83173602569354,0.997042015076228,0.985378947461296,0.92006800028369
"137",0.216816720746233,0.17491178418195,0.118040254336578,0.259522440508199,0.349714001767575,0.40893435213201,0.306903756287357,0.458790623179982,0.857945575700537,0.976018466281797,0.987578044519378,0.851759463717122
"138",0.207257680445612,0.19771341811553,0.163523834487284,0.188949944497311,0.344869803916131,0.409917670893309,0.312803295015823,0.44921254273403,0.85374784839884,0.996463589868436,0.979747328053304,0.870271486786285
"139",0.178706059628172,0.208074807322968,0.167110561812155,0.202495267419802,0.350814569884552,0.398236574871743,0.285446123738379,0.459051254729502,0.864145184326533,0.992960320862391,0.977649916414487,0.906286643495606
"140",0.101743286614674,0.209950813273329,0.137682001160268,0.207549141922702,0.361754826080097,0.4065151382088,0.319563917029475,0.428221577459811,0.946176029254527,0.991333909309661,0.978653036234205,0.888165006542943
"141",0.173619865447811,0.193041995555568,0.134107386598176,0.177560227329854,0.364520166137082,0.391100627404997,0.316694194315086,0.440226794692796,0.880631383525496,0.981979472847313,0.966892473269543,0.940860215674074
"142",0.181266340606934,0.19504570442479,0.148282316305304,0.225326039352979,0.348315909444119,0.401635826354621,0.283371642009496,0.450336748117431,0.906696374596719,0.99496196684099,0.977009615134373,0.876283135554073
"143",0.166415719963511,0.182974683142233,0.139218713982569,0.230023053628345,0.356980200903573,0.376504269946093,0.304456292959579,0.416123384230247,0.873215654996381,0.975316833846408,0.974629347998691,0.855137382666868
"144",0.121945541991194,0.20492150645344,0.159571886044336,0.222405776675678,0.371591210427265,0.428459914538328,0.287111278349025,0.449575805564742,0.917594390468599,0.979468739753646,0.974446833750249,0.870440701302985
"145",0.195252148828033,0.200966491215003,0.142779509937713,0.255720772523975,0.344264492540188,0.394563169917424,0.304506189242313,0.407376444116532,0.817147356004343,0.99475083711059,0.971021892888045,0.869307394183614
"146",0.199095187531386,0.18227056589748,0.127897353544353,0.178666309871035,0.309260160070648,0.3750367452543,0.302251159244634,0.45971907160239,0.848863519969056,0.991450050188066,0.98530828081851,0.920645895523015
"147",0.169428944613942,0.15644829919738,0.140008598895927,0.273039620764545,0.380195290859442,0.416120594745314,0.30033104762818,0.418697316152901,0.848173284517951,0.991597507677312,0.98418600408928,0.87695041160547
"148",0.212008095668834,0.213527660913424,0.152747546236026,0.287996734608253,0.320431605653484,0.397729397346204,0.292002851224513,0.40427182841665,0.817388358983118,0.992974583955492,0.978268234294946,0.803366345339488
"149",0.166106876589279,0.19092301167398,0.154598519137609,0.232742161971791,0.3467420736602,0.408838377796516,0.29023563871805,0.457780716358555,0.88373667582536,0.973852256449132,0.97628851776756,0.866649977869292
"150",0.172739907541544,0.194230474755455,0.147353379227378,0.23377680361517,0.336999523332305,0.40134212048744,0.293418677968187,0.436967721770167,0.898574837596554,0.987182035177009,0.973624622659942,0.844800904225313
"151",0.209908301217488,0.160994713442735,0.122212926499038,0.251113124957119,0.33720638206663,0.412198031505542,0.305965404367844,0.4190009639609,0.85382467255366,0.988755633746602,0.977434814705015,0.847416227843241
"152",0.181148567738575,0.180432944096877,0.149471245588031,0.249586463043259,0.369156253286465,0.400525247954487,0.297194446974694,0.451833380151226,0.865808222749322,0.990083371285793,0.982083838891525,0.836158832631126
"153",0.17470684561611,0.204241596362444,0.125847920630183,0.226882139186256,0.361876916188318,0.362382218814487,0.302852786557649,0.423336631588514,0.864619844926354,0.98858984800987,0.98385923118116,0.896870983744449
"154",0.167456920152508,0.196386009450566,0.134546304813843,0.267808560403812,0.363253254974668,0.430287496707084,0.308295839479598,0.419029299365545,0.847676054561505,0.98986113318074,0.965957730701412,0.846894772083569
"155",0.19634518189521,0.194621873553055,0.163665536013832,0.212362397574449,0.352083890350164,0.37553827237652,0.298994481802834,0.420289219818284,0.864375476032535,0.994943200742904,0.964852986810931,0.886887059356497
"156",0.208490586545128,0.247494220955737,0.173579579318434,0.217180356310392,0.33744544864416,0.363368959179865,0.302659042842749,0.445103245293969,0.863550864053247,0.938732890972533,0.972946576310517,0.90341857921845
"157",0.189663628951391,0.192881596634933,0.13471345986965,0.196380891813375,0.345992042340432,0.433948621510005,0.295793821019826,0.432524811192426,0.82614310883333,0.982078112734902,0.980567945800764,0.899531113573257
"158",0.151619391181959,0.191172487165415,0.160127626537565,0.252617312577692,0.360439835845183,0.400632467655047,0.276886364437233,0.431076348639831,0.902851508377478,0.987285791733861,0.985923164356832,0.861622335351604
"159",0.195240455430865,0.17209200195597,0.160026088156311,0.202107034251726,0.321331366461956,0.432961145773905,0.297359712944515,0.427654557324079,0.88115876933379,0.987360762459542,0.981243835804371,0.916225814668217
"160",0.18102161530046,0.19292674173169,0.178270593339697,0.20035897497261,0.336858720888957,0.390788746696595,0.284831340896684,0.452896654494053,0.797974627220684,0.992662997812482,0.97174055645108,0.926118536935122
"161",0.172924742831614,0.221349852918098,0.150016256033622,0.160654702083254,0.341998695633099,0.381942961125813,0.315851712251014,0.452444837600684,0.856829626010685,0.987110346169952,0.983926915347912,0.900605785721498
"162",0.158007608053195,0.174720768842543,0.130721490689023,0.280321657814623,0.359517294860997,0.383840687107761,0.305175754724437,0.402907757888862,0.864355706862854,0.989828686088558,0.987833735033858,0.902358085004499
"163",0.194685750263047,0.216309359732694,0.144914094696586,0.264977433029533,0.365242314603211,0.399405401499992,0.280044581366573,0.441754300365129,0.820780116445037,0.995667368032036,0.978702200354818,0.83100124088915
"164",0.213495997409513,0.182040985139217,0.146448105135242,0.219172448824939,0.33809446366817,0.387524808996699,0.310792571438157,0.417627480295506,0.784614127503422,0.983649353514271,0.970962238981728,0.865070812414052
"165",0.14706368066307,0.216217753368343,0.144714342671746,0.204932238711644,0.344407923899123,0.392090178731804,0.281288245492044,0.449789464223096,0.900706315600108,0.979453031336603,0.983101255840697,0.863717168463268
"166",0.181556113436015,0.201370816773925,0.1992079373846,0.250191308791567,0.31663603855063,0.38845675281315,0.269605675967029,0.428753731315454,0.83847257628083,0.97786380892913,0.947771217310932,0.836322888456233
"167",0.176461771075046,0.204552935603942,0.174031346722608,0.248484972150755,0.351972571574069,0.386926392409561,0.276702678037332,0.440162903180812,0.889412886761544,0.979391845151712,0.97528874079763,0.842724264790203
"168",0.18065730904493,0.182673761134512,0.12606982841659,0.198835296095083,0.340271977490705,0.423637319794264,0.312450591710179,0.440537039158041,0.84100692133734,0.988398465208427,0.983323363544995,0.920485732143866
"169",0.239809761232495,0.207821002213099,0.154510975483083,0.21427372455519,0.324078745018898,0.38836389361102,0.294864461251456,0.447078926473745,0.785236372508868,0.979144773987346,0.980480678893383,0.897458117663586
"170",0.166711575427023,0.200296033263858,0.189916003902998,0.226716664067752,0.348329001980452,0.421775768764907,0.277841887157676,0.433491285988168,0.832091187663992,0.985917870532077,0.945716810613102,0.874489526760319
"171",0.235613780638486,0.214750060252983,0.125700764753391,0.217718276513789,0.345820952498332,0.395572850148794,0.325534631811362,0.425467083122088,0.810716483843807,0.985993766723149,0.956315642048313,0.873626867829657
"172",0.153198460049392,0.219663709794086,0.139016616924926,0.221547497916603,0.352282040639262,0.397927954279219,0.27616277300115,0.455504943977573,0.8899182370289,0.991186830556765,0.974232049968244,0.917246965633906
"173",0.195252311979687,0.209113848753755,0.141670190103637,0.217031089313638,0.33946826211805,0.379726964752184,0.307779510713911,0.443680145492266,0.880042076985658,0.986184781191595,0.984632379595614,0.910322371619376
"174",0.168027134181947,0.216876045933871,0.132213192763605,0.17867425660018,0.344096136079441,0.393690852549766,0.303714689609518,0.4549621764253,0.908448431615477,0.989444619774693,0.982356790662802,0.916079677403401
"175",0.214745869629744,0.215404441058319,0.154903283924736,0.227835173571417,0.353500651670424,0.398540982341384,0.303785419437052,0.424802357005218,0.807198082856403,0.99447780485402,0.957773518672854,0.883876244055521
"176",0.201538406341668,0.158965097994112,0.112904490548502,0.218979424940861,0.350171211103253,0.416350513392031,0.31094221614369,0.450289350639211,0.890075246737661,0.994973771126936,0.97608523808959,0.86466933231156
"177",0.150857219395856,0.245734580003164,0.147065928301851,0.269412727557064,0.346061380605127,0.370447087161147,0.297922435851826,0.426219181772867,0.892692080055175,0.959695967462349,0.9703765284198,0.818735000409419
"178",0.226571078193247,0.179102041114819,0.12864214785379,0.239214416096726,0.329880830023776,0.411116857448806,0.308408278979866,0.433910907033941,0.757711629007506,0.971888629785297,0.979333041870686,0.889560166950807
"179",0.188228573351216,0.189121751924946,0.154925719162142,0.245599787336388,0.344460296611177,0.407955397835079,0.31464815079446,0.396921544894289,0.832716571148817,0.990314190032125,0.988892034794478,0.883380503080857
"180",0.14499830243464,0.196067100626873,0.146776776363617,0.22138840544423,0.327368965291043,0.38748622044755,0.300645716959407,0.442739525772216,0.90175848858602,0.992669202669112,0.984968277406215,0.86613578228279
"181",0.208441025782361,0.178953488580924,0.14966526723669,0.235346312353184,0.315286929917345,0.392992768940337,0.30075187047462,0.434830709477081,0.793043793234527,0.981213301169405,0.963387272243112,0.79777171310037
"182",0.240058910080757,0.200701841432047,0.128013779657299,0.247656846385326,0.31889379837132,0.399107334803562,0.299264582238394,0.428618166004904,0.802613876168963,0.989604525660775,0.966210385224996,0.835510989391224
"183",0.152003630626173,0.204280207892972,0.158414500893154,0.203182176272091,0.367699981265662,0.403361065700521,0.300323303649021,0.454220441553623,0.874115042136996,0.980401277129345,0.959169489879258,0.878845945693384
"184",0.183526637724357,0.194237350787443,0.159375954445711,0.199618167526237,0.323069141588004,0.401246657089134,0.325083470444393,0.466103297499066,0.858509360792461,0.993805553439431,0.98072510673036,0.910065315067023
"185",0.19531784733794,0.169144663319829,0.161336199142996,0.257744868200898,0.330946071116065,0.410129241334094,0.288918454406321,0.387875638493825,0.830925001552217,0.990825683905035,0.975628554614417,0.862234792274523
"186",0.137556871768455,0.20447795135967,0.127481947047799,0.184707640606478,0.378705972589654,0.392517887068302,0.284826904321087,0.457461250732719,0.929800053196127,0.965227212904342,0.977026469140635,0.917741861762594
"187",0.152919152362756,0.172023578068645,0.162846880798963,0.206447741976913,0.363650322368632,0.403797035846478,0.277608879778141,0.412951532390096,0.833054640195169,0.986229721356203,0.975298066485941,0.845128141225106
"188",0.186586563630543,0.203811039033754,0.161904724510363,0.206938350118187,0.337356810243469,0.412000702528031,0.2766002813515,0.443674247863237,0.827595715691517,0.998084363325756,0.97377446478162,0.902669304489851
"189",0.139262331826906,0.23144520576712,0.148872915404567,0.245188655803767,0.344563888939464,0.387011376789007,0.27974240087834,0.449978784708419,0.928527215987799,0.982476803716236,0.977369935015245,0.887809594339926
"190",0.196063620955617,0.175015241730724,0.147485758877785,0.247360725176714,0.336372171503815,0.387906597389308,0.283297570059009,0.405645908804533,0.845136307088124,0.994841610230545,0.97401766543658,0.837102065715869
"191",0.166436152949584,0.241707678066773,0.174998082265232,0.235594737764518,0.333880925742835,0.35687285766993,0.303341595075327,0.44399479354432,0.887021968528872,0.971655320281417,0.96882689191714,0.875729496436799
"192",0.177561227339681,0.18164287120926,0.14842858752522,0.218433112681181,0.365371545623488,0.418027571874097,0.304855306481448,0.428070316123601,0.864654819965076,0.992564436520983,0.990048721340209,0.854264457722369
"193",0.20534567083909,0.139047538557679,0.153177599110294,0.177046809042035,0.34054875721445,0.421049957557397,0.280162440379063,0.436054269624714,0.816709594287256,0.987043307881607,0.967409541631272,0.9130536223029
"194",0.14803069200435,0.19575769150583,0.144109949951765,0.338972292271511,0.357788381687213,0.380166110251996,0.300004981032261,0.374585883886001,0.855989742328598,0.993744210062106,0.988038531244224,0.655204132812401
"195",0.233283967013866,0.207965628335496,0.173158365102451,0.20694691410698,0.340954569990317,0.402075191765478,0.299297897639535,0.45042020319024,0.804582429237497,0.982845888025873,0.99048069244874,0.913690390374599
"196",0.179692250746658,0.1995767577594,0.161715798800295,0.184627970029783,0.336953102649613,0.401244214173748,0.309057181310209,0.421549940514882,0.879481578037791,0.984906705782763,0.960990550965771,0.878876682361909
"197",0.219885615730703,0.215426899841233,0.126610615455374,0.263591934296211,0.343072764767587,0.380037424782745,0.303140852277078,0.44376645630469,0.828864598211456,0.98313006610268,0.970178884513148,0.889352172964578
"198",0.231704865413034,0.187493907880632,0.1579569514419,0.157309179883062,0.36075946173511,0.416648453858107,0.295613551628525,0.465640618014316,0.791185430225916,0.973608083261743,0.983867373765075,0.917205485059881
"199",0.193302270265899,0.190084277832789,0.10941255671483,0.237922369002373,0.349876290846008,0.441139660987452,0.3034925056585,0.457504219113704,0.840521435675704,0.99456204393004,0.985622791296162,0.883983444891811
"200",0.171146803792726,0.180959810843136,0.141687280530694,0.264745902112363,0.347089859982831,0.427449077817653,0.306716381900391,0.385002314591806,0.890855552925331,0.989858463426839,0.98211612898904,0.828023215419084
"201",0.149512901857258,0.178022140282757,0.157351966966871,0.190523969979769,0.369551001925466,0.382084939427622,0.31516460946665,0.44522792906264,0.900421080460706,0.992056582841902,0.979112666816089,0.925496365065062
"202",0.20621093680459,0.192673872239675,0.171754759590026,0.201004209612872,0.345841289067732,0.404923087619241,0.300005370752729,0.473716610014652,0.844666145329667,0.992572158713068,0.93010272355221,0.909551172064578
"203",0.2274287846506,0.173101764504926,0.131085999048908,0.236637068358639,0.346475394369232,0.386249572549613,0.318920496722815,0.445935254948439,0.783312695224949,0.996665588460308,0.984006118024236,0.881565047600613
"204",0.183584750415666,0.234117885317897,0.169852601313151,0.231662650762488,0.356400589351803,0.374487702062903,0.29165859214244,0.425315766493584,0.876678197759167,0.987202916826938,0.978510111340936,0.878933892779503
"205",0.19479390757018,0.173490238606401,0.155945474981718,0.18313821345437,0.346702145096331,0.4258088390582,0.305486010595792,0.47385384150788,0.765438265614618,0.994292316004718,0.990846036472273,0.874143122088261
"206",0.162119135872998,0.200957461224345,0.12250589370108,0.157927631523273,0.33300877302414,0.428407340967044,0.314769373859196,0.475323851152924,0.910552800388722,0.987818993259282,0.982241670634245,0.939706372019586
"207",0.169080772671903,0.216551388049737,0.162369691140847,0.180244527199445,0.332461575968544,0.39751609176406,0.295483754354329,0.445053724886195,0.862674245631469,0.969877908808226,0.956308236359904,0.868529154358428
"208",0.195280573824901,0.223794274637974,0.140408423899198,0.228889556817644,0.340747383343776,0.372862041459737,0.295820733337198,0.460865190498867,0.854314155438288,0.987675852602564,0.96254366284759,0.891574853024279
"209",0.127425806098606,0.203075000429014,0.146330120574113,0.18196328480666,0.360312203320254,0.401133202423876,0.303280589420292,0.458339842146548,0.916596675492843,0.978834015423387,0.990172967540104,0.929726961093588
"210",0.169081110224118,0.22465182871666,0.180326295740433,0.149783169395393,0.350110313759964,0.410661252096714,0.288172320848471,0.479031581008935,0.861560533059096,0.97655187085412,0.946162157495116,0.931098238406648
"211",0.199505566855534,0.206820257090523,0.164351793340576,0.214965470086722,0.341688414910934,0.392864434339313,0.31407386379231,0.431032802295527,0.830442617573582,0.997071397774263,0.971158826731689,0.928955580189571
"212",0.159609622011286,0.211538691531679,0.154906112869865,0.176992440943093,0.360019456677359,0.403407838766991,0.298955038309158,0.431675106573881,0.891675362628235,0.992707013943013,0.985888706795108,0.919359545440056
"213",0.199191954804926,0.178695241098046,0.163495523156782,0.216551109374362,0.345434477845896,0.414034588159448,0.305702013262245,0.433286325050579,0.783426061527622,0.98818895922969,0.969825076079199,0.910036879429684
"214",0.186867310194744,0.196100072673952,0.16465569607377,0.214343231824218,0.346954801061489,0.39662969166694,0.29560728071928,0.404524563131058,0.878890108893593,0.993971245014575,0.963793412872773,0.874235596134016
"215",0.175793590764806,0.210114565321895,0.152304799804408,0.201811426710424,0.340563197568754,0.431668952275713,0.288698034646073,0.445289235545084,0.857282514728844,0.984725758841557,0.961067404461722,0.898757464433323
"216",0.162772754510694,0.234985514178863,0.136314177022104,0.181307368840103,0.344725986089568,0.388016143014965,0.313000558860123,0.454453073981263,0.877901053888683,0.990448212949896,0.964743809451891,0.901520610989209
"217",0.133554293993452,0.180001391423228,0.153505569207382,0.208764784223162,0.358464682747699,0.377495345152368,0.299178118716245,0.449276814904731,0.912659873054587,0.981748306457708,0.978326546785071,0.873006954623788
"218",0.14764960255338,0.191109989252282,0.159037012476026,0.210817336666781,0.376682783627201,0.3965511077683,0.302420599306188,0.426423095753934,0.840441717122138,0.982266823132605,0.977743383054978,0.889764014287684
"219",0.164342179815673,0.217545293667886,0.159404353507313,0.192194772730864,0.360775826166177,0.406353043773453,0.292035452238112,0.451986603045881,0.887698326577722,0.949777719792942,0.956503036866639,0.893328557757168
"220",0.197864604475648,0.208582508850938,0.146974668127738,0.180981807521781,0.339421464831903,0.395401531293915,0.298136201186752,0.46123227944749,0.822867395907388,0.977896791660598,0.984852929547768,0.916756065301614
"221",0.124277898270262,0.189861254691959,0.152002147744016,0.32444855417908,0.371133775792667,0.367092660799131,0.307935290440099,0.396743019593827,0.907209813970354,0.994637053873505,0.967200103854273,0.704986436869785
"222",0.171546159498328,0.212465642735329,0.171033203498382,0.300147110429829,0.350121606655882,0.408981531335511,0.30926492960109,0.420494489078156,0.865773075645796,0.979956705016978,0.975817444317232,0.861766205511647
"223",0.203000147661212,0.217044212501069,0.104825149619311,0.182219556765366,0.331239166762764,0.381672695235972,0.316228580734858,0.467179162793846,0.825578025384032,0.990158982216306,0.988093207790504,0.90372208009717
"224",0.186276828684799,0.204134979003271,0.121243444833644,0.214283296724679,0.320839141033281,0.370567201403774,0.298826992046085,0.431215545673988,0.864415118120426,0.970943816004363,0.984907175138994,0.829096790638113
"225",0.189862442440413,0.216467270732958,0.15691594412542,0.268873424279691,0.357455666799129,0.398481978793899,0.305197393041578,0.432098951489718,0.832910656178948,0.978286407459258,0.981582815018778,0.792005624430571
"226",0.14886495253057,0.197537297832169,0.137201431080784,0.205596089800924,0.352904037825886,0.418839789757803,0.311611768436644,0.436857486540595,0.886426739351594,0.985606254288724,0.98565005543423,0.89528303345756
"227",0.157280418262512,0.199835479735976,0.14076517245396,0.217350993245686,0.366378652896562,0.368639970971964,0.299495366096955,0.458595513025471,0.872863104343576,0.990170693152687,0.974462832254086,0.897276784732456
"228",0.19278639444615,0.216099446359314,0.169478927839408,0.227890136928386,0.348565232929889,0.412003550746242,0.281012952086156,0.438085275806526,0.883391851689392,0.993450202204852,0.956892732051575,0.873668860457952
"229",0.139947751639057,0.200902861913089,0.154149356351123,0.224951361977059,0.359643482374692,0.392249183807133,0.280557804844993,0.475165052412375,0.932800368278884,0.99080107079238,0.990466903578555,0.91521447589632
"230",0.182263360827437,0.174290567960268,0.163376958310549,0.263769811903368,0.342544283386698,0.397451205385231,0.305120681857102,0.394588478821249,0.852255383216285,0.985903958669957,0.981032652718534,0.847827926198063
"231",0.0956759241874578,0.222167583840599,0.168950842166479,0.218103479588243,0.377646252900632,0.398938398769184,0.276544215384821,0.460229325954605,0.916352642698821,0.986139652941813,0.946148018777753,0.894501594603315
"232",0.148884773301438,0.213872277608833,0.137689389680541,0.214344976613205,0.369384263691637,0.421040462302195,0.310940105497894,0.405120259728011,0.893252219143867,0.983595173050207,0.966373193935345,0.884527080566318
"233",0.157918238618984,0.202736788595521,0.140650220765686,0.272409943034422,0.343781506042597,0.377102176920562,0.305226049890414,0.401978500755191,0.876003933728496,0.96863102099118,0.980411496188498,0.810602670757504
"234",0.176656911602957,0.17600605857684,0.132889643804489,0.199545910247733,0.357941120464623,0.399867715643216,0.305242376276428,0.446526855848289,0.823669778867452,0.97761943092875,0.987637134887462,0.889439501163756
"235",0.208400523594392,0.197643384245052,0.147368304259528,0.277101074470062,0.354845931747715,0.382951114691697,0.299504939727524,0.428948274826999,0.875992818023864,0.978868198960267,0.977225112398861,0.782720273204782
"236",0.200568952570085,0.191035878549597,0.150189779321242,0.225637928623053,0.352481644775677,0.398949196106402,0.307106664744399,0.449783143993127,0.769452365483607,0.985046591352279,0.982496452853217,0.915743822550734
"237",0.1636962491236,0.204276676541495,0.153508899718761,0.213731282001876,0.348783162770916,0.399044616460932,0.315828459542535,0.446274577347286,0.857416375160819,0.987997775107143,0.985678984037878,0.892333247422649
"238",0.200271968194663,0.195428305300682,0.176506607238873,0.196996388671756,0.346835025777568,0.382399125102754,0.286080509645408,0.42640532318814,0.82715260128919,0.976515264902171,0.943889988896401,0.912700005332224
"239",0.181941432775107,0.265498050597156,0.148891091462434,0.176792117198104,0.337201133958161,0.402773976452185,0.300294708811974,0.454143994353058,0.821835614438557,0.97474478803703,0.989013665228167,0.899905597113901
"240",0.207790626242554,0.225048269115434,0.163527015273573,0.229620596499678,0.321344667354959,0.367936089185681,0.275917667559435,0.40643977510938,0.83806160404701,0.978268078052546,0.979714590587514,0.881503117548984
"241",0.154726987304923,0.213614534572954,0.126577706494002,0.227469781264386,0.362250813710626,0.413973187046716,0.305912202668501,0.430573523877594,0.910271118542423,0.98388030091362,0.980227140930998,0.891363984156499
"242",0.167711425329515,0.187981033237923,0.139616170518989,0.26089708850949,0.352279933104577,0.390148893106972,0.309760848376971,0.418190376500339,0.887708965538582,0.989496660384445,0.975293868259506,0.862876146394723
"243",0.190027027772585,0.183889338971257,0.160380195390517,0.30073817679102,0.348020873652734,0.381488728535397,0.30101618194461,0.364535334962051,0.874174181434972,0.992315141921192,0.975554381165565,0.799784585876727
"244",0.197967443662975,0.201789609312988,0.157099147003576,0.199911799163518,0.329978154135769,0.390069534940451,0.323126144931817,0.422325466167564,0.788147326506247,0.993342404137327,0.978573690743683,0.922485856597829
"245",0.188061764579972,0.209577475254368,0.157717182468754,0.16893369227952,0.33384926330215,0.412608985584428,0.313528229799591,0.472577918252435,0.880326922060043,0.984200107949537,0.97371881179866,0.942429261844685
"246",0.169354403674157,0.218027208738265,0.132796945479023,0.188303424461047,0.346637808084615,0.386370019578681,0.308173541263582,0.454748220154411,0.864293587544378,0.994345005115062,0.977123127789771,0.919182186295433
"247",0.195973475315987,0.1892593592228,0.15832602556154,0.140681423595267,0.319074558396202,0.389806810001935,0.311145740573878,0.465828976565904,0.856820627058545,0.978825525825264,0.983496302488145,0.916513532532319
"248",0.14689686329062,0.207232495402236,0.140739337596702,0.268568617806861,0.366040376327996,0.396004996519848,0.306236947069226,0.426252000828746,0.911600866011052,0.991918049110166,0.948719855548349,0.863922136742824
"249",0.145652821150544,0.209865151773253,0.16208028522009,0.232177092986333,0.379938974890733,0.415934281750579,0.268987152881568,0.448608262737605,0.910382958248673,0.987242568755777,0.981122884692564,0.87287422029268
"250",0.144342140639056,0.178928391292563,0.150545962607195,0.258357464757776,0.374365446117593,0.417590414689432,0.29512715142664,0.419273701073365,0.880943544017097,0.985323427938649,0.992001894211121,0.847389855449231
"251",0.183554410040313,0.207835032408001,0.168434004191163,0.232680778314878,0.356344810854343,0.386461489319478,0.300008139298835,0.453990525908441,0.905732215087093,0.986608735607289,0.977178374092708,0.906371864103824
"252",0.223604140195471,0.187689241195651,0.126461108613715,0.224083587405639,0.322789275657439,0.41739112899273,0.305271554826628,0.471574887591044,0.75467828085177,0.994129296638127,0.965337342309101,0.865846940217691
"253",0.180485364706261,0.224165346124372,0.132385323677002,0.235708485337475,0.318051118478469,0.387045839453299,0.290825154477557,0.424631957203109,0.878916782560797,0.982465544043501,0.986030334385165,0.911209677959604
"254",0.180454775875588,0.215160724201742,0.13371463749977,0.23252776038669,0.344646053272978,0.392200919354444,0.328336244161379,0.447662257557123,0.828343593180561,0.972727671126753,0.994035509163114,0.838227709074852
"255",0.189660095845624,0.196286637600889,0.142655573737009,0.203282038283871,0.340604010245107,0.395781939569474,0.291317805412022,0.477221205826912,0.870835281820219,0.99270294738964,0.958819202789922,0.892781484977892
"256",0.206049526059989,0.219029196374612,0.14903892942294,0.19278026581924,0.342635288387854,0.368098455343947,0.294471857102021,0.45309952229965,0.802224127195079,0.962106632578069,0.973858181323249,0.923652700381965
"257",0.178225906293144,0.183467790218219,0.143293923858422,0.183591860931959,0.341427079058552,0.380836179371467,0.303095281023009,0.402815266492539,0.873438668878948,0.980903372810726,0.982798753140761,0.885429654754889
"258",0.211224995976284,0.20542887548605,0.155389594004397,0.202661277964047,0.337897206879651,0.414099922446108,0.301875967281718,0.440149909426006,0.808025922402698,0.98171161157095,0.961022055318878,0.884029358801521
"259",0.191020108796684,0.19813234043093,0.12906142988699,0.220798169634143,0.354018838688766,0.385827140155447,0.307178919299935,0.450763150962431,0.888540833912594,0.992564707449744,0.969966929315977,0.907821370572114
"260",0.181139031670398,0.234310964462457,0.17944988333118,0.190885315626546,0.358218899928211,0.386730028466186,0.279692323867661,0.449118873516882,0.847799372855214,0.981102484675814,0.960953275430734,0.895704418377934
"261",0.229980631730333,0.19060573190695,0.151412821245957,0.181070553460499,0.312170375686805,0.388483206313004,0.309860737916021,0.455626220116011,0.78262271079445,0.995858243663807,0.986766646820212,0.93005318496949
"262",0.173003144894983,0.180185460378906,0.141781158835163,0.227071214378943,0.365465596038698,0.429106167507646,0.302786618690124,0.450339352750169,0.853652862499434,0.973458513313972,0.980703648918826,0.888402633402929
"263",0.195686145733324,0.202518045236625,0.142559053117094,0.231540245452907,0.348682563296052,0.405003044770276,0.291063764974505,0.419424971100205,0.831780624465319,0.986670031120764,0.992055084570318,0.905899044889384
"264",0.189512259118869,0.231238250989702,0.145154558402899,0.233770285702858,0.322363287828648,0.398694941996123,0.27963854811299,0.408432528609837,0.857961078285128,0.984391133426384,0.974113690088986,0.880937181263285
"265",0.190060132847762,0.205690899424256,0.142465939006334,0.232913011965357,0.351930370347009,0.409416023730592,0.295305880800052,0.458549443967099,0.809188390520662,0.979001442587565,0.977997217072667,0.888361891653901
"266",0.195809197164948,0.209686396710091,0.144684760290141,0.230553737838357,0.333947954720994,0.396489436897806,0.297522528682505,0.449497917267417,0.810140531733847,0.984250400140257,0.978382996173867,0.900280139886146
"267",0.190200048773216,0.229035559952532,0.153312472520418,0.21157871649724,0.349560834845684,0.40196059235148,0.282979456439063,0.446861284333356,0.855634449845444,0.965695310516193,0.986708959360595,0.90036332902004
"268",0.181643987356203,0.189748706527177,0.153094130727679,0.252251321418307,0.344529272213309,0.371680852032051,0.296496736924085,0.412428688287725,0.893691342095795,0.995001242104526,0.986791288710091,0.832051563224959
"269",0.21402029787794,0.192916950790491,0.133564846178033,0.229862694519907,0.36078797572167,0.42247413313898,0.290581177781702,0.419566178300173,0.768885074707319,0.9928637317157,0.984752768158811,0.788363479266112
"270",0.127884981996041,0.194668931903768,0.158445690210251,0.224661147469773,0.38535592851417,0.397555083073054,0.288751203309442,0.424954197002016,0.906168139075398,0.979029977992115,0.978002467877979,0.872165217698197
"271",0.17216089934198,0.184737337557681,0.155738658215615,0.28425250864584,0.343790110117046,0.386185684202669,0.295122534106293,0.404047515910012,0.843879972905573,0.975079139993306,0.963545974764747,0.845454351938119
"272",0.190274028499935,0.211166922700919,0.145973494299814,0.221521179960262,0.33450376875361,0.390437366318856,0.289618557603495,0.418831193114097,0.858217213677205,0.98669093057041,0.977756937162101,0.875062101619615
"273",0.17815947695068,0.234138377696284,0.145470225311326,0.292713917735526,0.357916109913242,0.382734174931992,0.31570441022085,0.40182065777376,0.904039115186634,0.983454767764643,0.981548309423358,0.846958080877243
"274",0.202501544738143,0.168803296972838,0.156987700843933,0.276367825834119,0.367750316147015,0.41243339528131,0.288126839025366,0.407118744481914,0.83323797049308,0.987912303642338,0.9666058353016,0.80608145936884
"275",0.172348539110229,0.193362393437634,0.170848673416569,0.25082084919334,0.334862812720104,0.442393694763718,0.29809025389259,0.426283982807475,0.857542488028978,0.984904663344901,0.978583733489535,0.896811561574073
"276",0.2055980326055,0.193681895607438,0.123029372878386,0.279598277833944,0.346684293775493,0.405130293988795,0.30280022476464,0.430176444997455,0.834589266223173,0.980199261211938,0.985130615967714,0.84517875697928
"277",0.122669162022213,0.218912031185167,0.16028849609234,0.197760479090275,0.360757432273746,0.385070495827259,0.303575337837698,0.453937947336662,0.890486722773754,0.991251342232013,0.96527802322128,0.874987850091746
"278",0.183356210345354,0.191167285687355,0.155486947492512,0.219604341788939,0.350730479882161,0.423578423547616,0.308775339586663,0.443735309212523,0.875128737829225,0.971013624382244,0.988599313703775,0.83520990736118
"279",0.174869060349628,0.202664030868227,0.157844655140956,0.178485249924158,0.331629411705211,0.374831015942807,0.319718055014604,0.448517645836437,0.863807633991978,0.975468493656251,0.974054232116702,0.917623781453869
"280",0.175338073346269,0.210204487898377,0.148960189373752,0.213117093071579,0.351343756977454,0.381958462585595,0.308924212132176,0.397305089155662,0.846050876040882,0.990774596426436,0.98131941723123,0.90122616841141
"281",0.190864294149213,0.208312986394338,0.125234630932515,0.220068959071358,0.331573256833209,0.407872917907562,0.314287558180516,0.420531145448424,0.811738913915726,0.994125290473431,0.97435836877025,0.910465765726546
"282",0.238957312205906,0.224269629733865,0.15493143877201,0.180323168788218,0.315597120117027,0.367551231297349,0.299769738776179,0.443572966098937,0.80487279793637,0.991066598731667,0.967257288832873,0.915530059312587
"283",0.197950759207832,0.213902712476025,0.162760334714161,0.16355059300122,0.348758205435932,0.387041465359469,0.30188917199275,0.475522014446705,0.849243287421665,0.993245974729774,0.973603987537878,0.935846706930158
"284",0.1886567810296,0.226687889793519,0.127300215660451,0.206433875859268,0.362764947664155,0.388099467202074,0.29697313238167,0.457798366186442,0.84413993899084,0.988907621677317,0.986492688679418,0.876901754671838
"285",0.154824465085242,0.2122421025882,0.156843349998378,0.214099670473723,0.341573003856334,0.416257151458794,0.299029077963893,0.422216330606903,0.876363153075651,0.948918486004271,0.956197086658714,0.903660248221236
"286",0.197641925633043,0.187359033986011,0.161931501744439,0.20520552787749,0.334741450145258,0.405845010408579,0.29975810979633,0.41288546273251,0.8441676516103,0.993610707034752,0.967004148447122,0.917869590378142
"287",0.219022654787999,0.194076459695064,0.149111589317681,0.234597370754727,0.329109683738863,0.407490888479351,0.286616319698265,0.439008323358553,0.815391519476167,0.980606614021074,0.981635689028687,0.87881119842789
"288",0.168039949159793,0.164897662672726,0.14990304108457,0.199377351338772,0.361730188913222,0.412975670831935,0.32251041596173,0.424336328649117,0.863416758704932,0.978361693237061,0.981257167103307,0.91656659458456
"289",0.146429884661023,0.234831882442278,0.15592969386086,0.215832171867284,0.370243019768893,0.371280137077218,0.313062461049948,0.477879126358291,0.873449370224498,0.994231315762058,0.976658846141563,0.915388471385076
"290",0.169943529530531,0.174452943932457,0.170039841540128,0.225887690588156,0.364629197249045,0.400788983870477,0.29448464331969,0.416645095842507,0.862800600239567,0.983594559469922,0.95535369504471,0.906343693794174
"291",0.222066112823555,0.180510242211676,0.148620385239516,0.226636999197207,0.327257004480574,0.403991459365053,0.308150342676222,0.396217882175962,0.839083130926612,0.991957321667202,0.978174948248822,0.865845426400271
"292",0.162741422638676,0.186491965182043,0.125322004369509,0.234099980264416,0.368397019840428,0.368793497295524,0.33334316619278,0.436823972000506,0.840193828394699,0.986619940537606,0.987192063886712,0.916494420016891
"293",0.174179215553702,0.18820369226719,0.130128260360404,0.209476725475371,0.346146355286215,0.416692506968928,0.326642882132561,0.454239153575342,0.848415852741823,0.987404553009025,0.982785538231723,0.852411516872811
"294",0.183533936528219,0.194118885301444,0.146103164783147,0.233600670162917,0.351261476690366,0.411669358570135,0.296862815881978,0.425482100165828,0.806557959126405,0.975815703999558,0.98114599161133,0.839725607013341
"295",0.164094178795065,0.177331790892397,0.151609033758731,0.192184221618518,0.347105760828375,0.44047256186078,0.277990684099064,0.407227209539186,0.854127125037759,0.990058964670688,0.970153522216722,0.875494157649608
"296",0.165520070483651,0.187962047169494,0.131130039716088,0.229146516127412,0.363688747435267,0.391699509292853,0.305125821441686,0.444844896790074,0.868459989217256,0.978940814133169,0.989677659069385,0.877559795229139
"297",0.15400964497429,0.196940978603786,0.14885490431023,0.244231985487157,0.364033111078991,0.419546777011428,0.310636038653838,0.419211043965766,0.871150840396261,0.962622880349539,0.977177258005414,0.901316651386907
"298",0.192444399551274,0.2291695684061,0.147621008505998,0.183909060710521,0.371354940004831,0.392468714523916,0.313321032852612,0.431847784369314,0.887077700309073,0.981880945129229,0.982040865158582,0.909274851796414
"299",0.180571569815262,0.176477098578373,0.161173217258697,0.18671420804628,0.344057318221819,0.405363532112174,0.322744395808209,0.453569518217865,0.841571933997916,0.991846358591416,0.969172651890449,0.924646651667702
"300",0.188587339360649,0.188009241054562,0.143366893511249,0.218717951964084,0.342113916137478,0.41962200795108,0.294637978400801,0.43397166718659,0.873567033799642,0.990341161022464,0.962309330457386,0.868049323968341
